CNPJ,RazaoSocial,RegistroANS,Trimestre,Ano,ValorDespesas
,,000477,1,2025,787352278.25
,,000515,1,2025,66197785.31
,,000515,2,2025,65888310.559999995
,,000515,3,2025,87062972.51
,,000582,1,2025,8752772938.93
,,000582,2,2025,17408169629.56
,,000582,3,2025,26277461939.63
,,000701,1,2025,7735173143.66
,,000701,2,2025,14817050158.69
,,000701,3,2025,22231410935.8
,,000884,1,2025,636134051.76
,,000884,2,2025,1059994350.24
,,000884,3,2025,1490270784.89
,,005711,1,2025,61214533180.84
,,005711,2,2025,106904045610.1
,,005711,3,2025,154569768401.46
,,006246,1,2025,48691461602.32
,,006246,2,2025,84499488764.67
,,006246,3,2025,122532727009.81999
,,300136,1,2025,186512982.8
,,300136,2,2025,339502776.15
,,300136,3,2025,496302329.03
,,300713,1,2025,194324817.8
,,300713,2,2025,366171407.91
,,300713,3,2025,537567980.35
,,300730,1,2025,4799298.67
,,300730,2,2025,9161543.290000001
,,300730,3,2025,13503758.34
,,301060,1,2025,98005451.46
,,301060,2,2025,176072010.93
,,301060,3,2025,265147544.29000002
,,301124,1,2025,67061489.06
,,301124,2,2025,117659648.03
,,301124,3,2025,169046228.3
,,301574,1,2025,308911569.52
,,301574,2,2025,631871644.6899999
,,301574,3,2025,985474475.6700001
,,301728,1,2025,106936229.64999999
,,301728,2,2025,189154386.38
,,301728,3,2025,277115525.52
,,301744,1,2025,121755594.78
,,301744,2,2025,214603753.78
,,301744,3,2025,323355553.74
,,301949,1,2025,1072916385.08
,,301949,2,2025,2035371546.1200001
,,301949,3,2025,3119470439.1899996
,,302147,1,2025,7475871076.45
,,302147,2,2025,14979758879.76
,,302147,3,2025,22672927451.67
,,302228,1,2025,40252966.71
,,302228,2,2025,77814598.75
,,302228,3,2025,117666586.99
,,302627,1,2025,60010230.4
,,302627,2,2025,122868593.63
,,302627,3,2025,177441028.26999998
,,302953,1,2025,624470385.04
,,302953,2,2025,1289025850.43
,,302953,3,2025,1983959508.81
,,303178,1,2025,96837081.42
,,303178,2,2025,189264933.77
,,303178,3,2025,291995561.52
,,303267,1,2025,588532008.3100001
,,303267,2,2025,1201229566.71
,,303267,3,2025,1844435523.24
,,303356,1,2025,837035622.38
,,303356,2,2025,1607316590.6100001
,,303356,3,2025,2493083670.6
,,303623,1,2025,1061042843.6700001
,,303623,2,2025,2095579779.74
,,303623,3,2025,3159065045.98
,,303739,1,2025,287472951.2
,,303739,2,2025,557820952.25
,,303739,3,2025,849364164.1700001
,,303844,1,2025,74518543.62
,,303844,2,2025,144965669.20999998
,,303844,3,2025,218097153.42
,,303976,1,2025,2366263521.63
,,303976,2,2025,4335467935.74
,,303976,3,2025,6295888789.88
,,304051,1,2025,235224392.10999998
,,304051,2,2025,413799760.7
,,304051,3,2025,576366006.24
,,304123,1,2025,81179362.79
,,304123,2,2025,147896770.26
,,304123,3,2025,221833649.4
,,304131,1,2025,173847171.5
,,304131,2,2025,320087735.59
,,304131,3,2025,480666314.72
,,304212,1,2025,15761364.02
,,304212,2,2025,39176261.839999996
,,304212,3,2025,77836547.77
,,304344,1,2025,143130010.75
,,304344,2,2025,267976913.14
,,304344,3,2025,397613597.5
,,304395,1,2025,171241656.39000002
,,304395,2,2025,341337283.14
,,304395,3,2025,510973353.31
,,304441,1,2025,26163441.26
,,304441,2,2025,47964826.76
,,304441,3,2025,68497893.39999999
,,304468,1,2025,197708163.07
,,304468,2,2025,362511067.69
,,304468,3,2025,539150018.47
,,304484,1,2025,73102169.53
,,304484,2,2025,144049606.81
,,304484,3,2025,227678140.31
,,304531,1,2025,16990010.43
,,304531,2,2025,29245486.8
,,304531,3,2025,41640666.230000004
,,304701,1,2025,5156720424.84
,,304701,2,2025,9772038491.28
,,304701,3,2025,14712021587.57
,,304883,1,2025,324874895.65
,,304883,2,2025,665227374.73
,,304883,3,2025,954452322.08
,,305227,1,2025,153918063.53
,,305227,2,2025,279208228.75
,,305227,3,2025,425030640.95
,,305421,1,2025,5744407.91
,,305421,2,2025,11497901.65
,,305421,3,2025,14660492.83
,,305472,1,2025,156079411.8
,,305472,2,2025,284889510.24
,,305472,3,2025,436375244.98
,,305626,1,2025,63411742.1
,,305626,2,2025,97642959.64
,,305626,3,2025,138907711.89000002
,,305928,1,2025,10896605.8
,,305928,2,2025,20905999.56
,,305928,3,2025,30746763.77
,,306045,1,2025,14844339.389999999
,,306045,2,2025,24230839.95
,,306045,3,2025,35565346.15
,,306100,1,2025,232263918.07000002
,,306100,2,2025,435482308.0
,,306100,3,2025,652702652.48
,,306126,1,2025,242373957.99
,,306126,2,2025,492961248.42
,,306126,3,2025,752563052.63
,,306398,1,2025,870135044.57
,,306398,2,2025,1699705416.68
,,306398,3,2025,2565819569.94
,,306754,1,2025,59813067.01
,,306754,2,2025,126185319.81
,,306754,3,2025,185198123.9
,,306762,1,2025,257486211.67000002
,,306762,2,2025,500110293.96
,,306762,3,2025,751645630.1
,,306886,1,2025,833334675.37
,,306886,2,2025,1579011549.26
,,306886,3,2025,2391776433.03
,,307319,1,2025,405210996.06
,,307319,2,2025,772059684.95
,,307319,3,2025,1185699581.11
,,307751,1,2025,174775659.34
,,307751,2,2025,351543263.3
,,307751,3,2025,514945892.12
,,308811,1,2025,54327077.1
,,308811,2,2025,103350354.3
,,308811,3,2025,158301075.87
,,309028,1,2025,50796947.3
,,309028,2,2025,67697997.15
,,309028,3,2025,85574413.87
,,309087,1,2025,117092739.67
,,309087,2,2025,244718026.7
,,309087,3,2025,369709368.98
,,309222,1,2025,3372539430.79
,,309222,2,2025,5990340248.97
,,309222,3,2025,9089399981.45
,,309524,1,2025,40292651.64
,,309524,2,2025,80256796.67
,,309524,3,2025,120196622.71000001
,,309907,1,2025,253322461.34
,,309907,2,2025,448291327.77
,,309907,3,2025,640497180.66
,,310239,1,2025,37225708.18
,,310239,2,2025,66330585.27
,,310239,3,2025,99497440.58
,,310247,1,2025,379119973.8
,,310247,2,2025,718006998.72
,,310247,3,2025,1096389743.83
,,310522,1,2025,299787446.14
,,310522,2,2025,568956306.39
,,310522,3,2025,939980586.53
,,310981,1,2025,20183435.400000002
,,310981,2,2025,38103694.58
,,310981,3,2025,56146378.4
,,311057,1,2025,10823727.01
,,311057,2,2025,19439391.04
,,311057,3,2025,29255773.21
,,311146,1,2025,110255199.07000001
,,311146,2,2025,183522706.35
,,311146,3,2025,258131342.36
,,311294,1,2025,238853670.08
,,311294,2,2025,472357725.25
,,311294,3,2025,688682806.88
,,311359,1,2025,117962652.06
,,311359,2,2025,241697716.36
,,311359,3,2025,387466173.12
,,311375,1,2025,300000001.88
,,311375,2,2025,578759762.3
,,311375,3,2025,894911081.6
,,311391,1,2025,15653753.82
,,311391,2,2025,30825036.63
,,311391,3,2025,44620754.9
,,311472,3,2025,27388030.639999997
,,311618,1,2025,165463309.27
,,311618,2,2025,312533726.25
,,311618,3,2025,459295585.39
,,311715,1,2025,215437431.04
,,311715,2,2025,402098735.42
,,311715,3,2025,627703901.13
,,311847,1,2025,509943685.51
,,311847,2,2025,969040181.05
,,311847,3,2025,1460631317.12
,,311944,1,2025,49057464.83
,,311944,2,2025,90120047.05
,,311944,3,2025,137547193.99
,,311961,1,2025,437223589.86
,,311961,2,2025,590028651.98
,,311961,3,2025,988087562.04
,,312126,1,2025,3449394094.0699997
,,312126,2,2025,6376878546.6
,,312126,3,2025,9492214698.51
,,312282,1,2025,63550008.910000004
,,312282,2,2025,117339846.8
,,312282,3,2025,187190391.31
,,312347,1,2025,282599268.09
,,312347,2,2025,483820716.58
,,312347,3,2025,702745687.77
,,312363,1,2025,8573024504.06
,,312363,2,2025,14739246901.35
,,312363,3,2025,20587973524.84
,,312592,1,2025,171725883.65
,,312592,2,2025,326223678.17
,,312592,3,2025,493386926.40999997
,,312720,1,2025,1055027723.41
,,312720,2,2025,1977397568.27
,,312720,3,2025,3061966401.13
,,312851,1,2025,1395559940.95
,,312851,2,2025,2565706945.41
,,312851,3,2025,3827531871.31
,,313084,1,2025,92936578.88
,,313084,2,2025,166372642.38
,,313084,3,2025,242888466.62
,,313149,1,2025,13619611.55
,,313149,2,2025,24314068.31
,,313149,3,2025,34995699.84
,,313211,1,2025,187288103.22
,,313211,2,2025,383750634.31
,,313211,3,2025,551854975.5
,,313475,1,2025,21156834.15
,,313475,2,2025,37243880.05
,,313475,3,2025,58193670.78
,,313751,1,2025,52849621.63
,,313751,2,2025,104820559.49
,,313751,3,2025,161851975.05
,,313971,3,2025,414051801.03000003
,,314099,1,2025,367863177.39
,,314099,2,2025,668279968.51
,,314099,3,2025,982008537.7
,,314218,1,2025,959456878.9300001
,,314218,2,2025,1823173748.15
,,314218,3,2025,2680628125.23
,,314242,1,2025,53490724.26
,,314242,2,2025,119881307.05
,,314242,3,2025,184875247.85
,,314251,1,2025,109814486.02
,,314251,2,2025,203438236.3
,,314251,3,2025,302330377.52
,,314315,1,2025,14733987.44
,,314315,2,2025,34553503.28
,,314315,3,2025,53594523.69
,,314366,1,2025,5408363.57
,,314366,2,2025,9941826.879999999
,,314366,3,2025,15055543.36
,,314587,1,2025,64172218.44
,,314587,2,2025,121084329.36
,,314587,3,2025,187057169.14000002
,,314668,1,2025,316313653.74
,,314668,2,2025,616323691.55
,,314668,3,2025,878362731.88
,,314706,1,2025,16536868.35
,,314706,2,2025,33067311.84
,,314706,3,2025,52802133.02
,,314781,1,2025,47939107.98
,,314781,2,2025,86888007.09
,,314781,3,2025,136769745.57
,,315044,1,2025,318758025.93
,,315044,2,2025,649557897.34
,,315044,3,2025,967572858.01
,,315265,1,2025,119564880.31
,,315265,2,2025,225156130.51000002
,,315265,3,2025,336632574.01
,,315478,1,2025,2339623575.88
,,315478,2,2025,4501336774.54
,,315478,3,2025,6630414499.9
,,315494,1,2025,60388920.33
,,315494,2,2025,110727270.45
,,315494,3,2025,174926214.76
,,315567,1,2025,239429174.68
,,315567,2,2025,486712208.58000004
,,315567,3,2025,716618328.98
,,315583,1,2025,62564346.33
,,315583,2,2025,89234849.86
,,315583,3,2025,123696948.67999999
,,315648,1,2025,72443185.96
,,315648,2,2025,128230245.12
,,315648,3,2025,191623608.74
,,315729,1,2025,885519642.89
,,315729,2,2025,1760804244.78
,,315729,3,2025,2657698323.21
,,315796,1,2025,667077564.11
,,315796,2,2025,1300143336.42
,,315796,3,2025,2040090924.49
,,316148,1,2025,171852160.39
,,316148,2,2025,343262195.74
,,316148,3,2025,527636466.71
,,316458,1,2025,41425400.07
,,316458,2,2025,78584870.53
,,316458,3,2025,113737460.72999999
,,316849,1,2025,9096246.23
,,316849,2,2025,18326848.89
,,316849,3,2025,34043908.260000005
,,316873,1,2025,204404149.25
,,316873,2,2025,383875296.33000004
,,316873,3,2025,568907276.35
,,316881,1,2025,248775655.97
,,316881,2,2025,446344689.89
,,316881,3,2025,652441963.7
,,316903,1,2025,1005578.89
,,316903,2,2025,1663731.69
,,316903,3,2025,2255661.63
,,316997,1,2025,8805095.41
,,316997,2,2025,17600390.07
,,316997,3,2025,27391927.89
,,317012,1,2025,94084445.10000001
,,317012,2,2025,169444624.93
,,317012,3,2025,251992186.6
,,317144,1,2025,3756375583.41
,,317144,2,2025,7319045931.29
,,317144,3,2025,10995600401.35
,,317233,1,2025,398238579.35
,,317233,2,2025,886383678.3000001
,,317233,3,2025,1416786119.03
,,317632,1,2025,434039456.21000004
,,317632,2,2025,887425091.14
,,317632,3,2025,1352443071.46
,,317896,1,2025,83821861.45
,,317896,2,2025,128127316.3
,,317896,3,2025,183476495.27
,,318035,1,2025,93597380.38
,,318035,2,2025,172431293.17
,,318035,3,2025,261863678.71
,,318213,1,2025,85028252.97
,,318213,2,2025,159630726.5
,,318213,3,2025,258255932.28
,,318299,1,2025,393618478.49
,,318299,2,2025,756574086.3
,,318388,1,2025,155109749.55
,,318388,2,2025,318151789.15
,,318388,3,2025,494265014.95
,,318477,1,2025,148815840.71
,,318477,2,2025,260272544.26999998
,,318477,3,2025,368045238.88
,,318566,1,2025,219130470.79
,,318566,2,2025,415028230.51
,,318566,3,2025,603355871.59
,,319121,1,2025,1024373902.2
,,319121,2,2025,1894056041.68
,,319121,3,2025,2841723540.85
,,319180,1,2025,85553187.92
,,319180,2,2025,161245525.26
,,319180,3,2025,249711821.67
,,319384,1,2025,285090628.63
,,319384,2,2025,528700055.9
,,319384,3,2025,782982357.21
,,319422,1,2025,105097485.05
,,319422,2,2025,217099521.92000002
,,319422,3,2025,331967179.26
,,319708,1,2025,426879648.05
,,319708,2,2025,789606963.5600001
,,319708,3,2025,1171965421.88
,,319872,1,2025,9384320.72
,,319872,2,2025,15401463.14
,,319872,3,2025,20651730.35
,,319996,1,2025,2164018972.39
,,319996,2,2025,3863656127.2
,,319996,3,2025,5795792905.0199995
,,320251,1,2025,347502357.26
,,320251,2,2025,623257635.91
,,320251,3,2025,1014934623.41
,,320510,2,2025,84985989.05
,,320510,3,2025,116296949.48
,,320706,1,2025,587876193.23
,,320706,2,2025,1144571833.98
,,320706,3,2025,1703205539.66
,,320820,1,2025,67248850.28
,,320820,2,2025,139623956.0
,,320820,3,2025,216215123.59
,,320838,1,2025,17779763.81
,,320838,2,2025,31863473.830000002
,,320838,3,2025,48953230.01
,,320862,1,2025,166734082.21
,,320862,2,2025,311301482.88
,,320862,3,2025,464372229.94
,,320897,1,2025,120585682.53
,,320897,2,2025,231750908.47
,,320897,3,2025,370395810.05
,,321044,1,2025,1420517819.31
,,321044,2,2025,2771242618.35
,,321044,3,2025,4200593041.2000003
,,321087,1,2025,77513433.02
,,321087,2,2025,157301157.18
,,321087,3,2025,243454492.18
,,321125,1,2025,25524390.24
,,321125,2,2025,50221051.330000006
,,321125,3,2025,77732354.45
,,321273,1,2025,874448205.98
,,321273,2,2025,1731150036.57
,,321273,3,2025,2619169931.55
,,321320,1,2025,43948858.9
,,321320,2,2025,83999495.75999999
,,321320,3,2025,123570767.86999999
,,321338,1,2025,42360693.78
,,321338,2,2025,42929793.78
,,321338,3,2025,43591793.78
,,321931,1,2025,52734279.78
,,321931,2,2025,118757732.59
,,321931,3,2025,193132062.49
,,321958,1,2025,411478572.03
,,321958,2,2025,849641243.12
,,321958,3,2025,1296027841.82
,,322326,1,2025,18986795.69
,,322326,2,2025,31857757.07
,,322326,3,2025,47039291.53
,,322571,1,2025,209460193.97
,,322571,2,2025,385021396.13
,,322571,3,2025,563652058.18
,,322831,1,2025,115942642.15
,,322831,2,2025,244319140.94
,,322831,3,2025,383343960.53
,,322890,1,2025,7748976.739999999
,,322890,2,2025,14582417.82
,,322890,3,2025,21937279.16
,,323004,1,2025,25975918.43
,,323004,2,2025,51750002.76
,,323004,3,2025,86949411.22
,,323055,1,2025,92179906.89
,,323055,2,2025,168212423.62
,,323055,3,2025,254868706.89000002
,,323080,1,2025,8950347605.08
,,323080,2,2025,16192394622.66
,,323080,3,2025,24366039706.31
,,323268,1,2025,539052848.97
,,323268,2,2025,1044950722.68
,,323268,3,2025,1576920692.18
,,323357,1,2025,124183907.05
,,323357,2,2025,232921462.72
,,323357,3,2025,359265456.78
,,323926,1,2025,137118639.65
,,323926,2,2025,271082444.6
,,323926,3,2025,400198809.5
,,323942,1,2025,54673634.53
,,323942,2,2025,108507388.14
,,323942,3,2025,161542250.14000002
,,323993,1,2025,279782051.5
,,323993,2,2025,605120989.13
,,323993,3,2025,963773280.3
,,324159,1,2025,100539994.43
,,324159,2,2025,200011510.76
,,324159,3,2025,305908526.05
,,324175,1,2025,41962982.46
,,324175,2,2025,86075094.54
,,324175,3,2025,142638646.25
,,324213,1,2025,58649807.699999996
,,324213,2,2025,64520212.39
,,324213,3,2025,70296476.57
,,324299,1,2025,52032483.35
,,324299,2,2025,91815029.87
,,324299,3,2025,121187165.25
,,324345,1,2025,212469003.74
,,324345,2,2025,405725037.31
,,324345,3,2025,617437813.39
,,324361,1,2025,392140797.54
,,324361,2,2025,738449479.46
,,324361,3,2025,1078720856.13
,,324477,1,2025,521078908.76
,,324477,2,2025,897385533.83
,,324477,3,2025,1312648940.47
,,324493,1,2025,320575470.09
,,324493,2,2025,583955718.22
,,324493,3,2025,863700847.3900001
,,324523,1,2025,87489.18
,,324523,2,2025,104896.18
,,324523,3,2025,118507.03
,,324566,1,2025,143328963.61
,,324566,2,2025,268878332.97
,,324566,3,2025,388483024.88
,,325031,1,2025,130768069.27
,,325031,2,2025,250028263.75
,,325031,3,2025,360740893.74
,,325082,1,2025,38321027.75
,,325082,2,2025,47185073.31
,,325082,3,2025,79169307.22
,,325236,1,2025,129403393.59
,,325236,2,2025,245477043.94
,,325236,3,2025,391685222.59999996
,,325465,1,2025,58385066.22
,,325465,2,2025,100354778.22
,,325465,3,2025,151079048.42000002
,,325571,1,2025,1402458409.57
,,325571,2,2025,2780219200.48
,,325571,3,2025,4283064617.14
,,326305,1,2025,35916482464.71
,,326305,2,2025,65604955052.4
,,326305,3,2025,95223563156.1
,,326500,1,2025,536872844.25
,,326500,2,2025,1005377054.0600001
,,326500,3,2025,1477128137.21
,,326755,1,2025,298127589.58
,,326755,2,2025,601981157.37
,,326755,3,2025,910651228.8
,,326861,1,2025,403813609.14000005
,,326861,2,2025,771246584.34
,,326861,3,2025,1125344140.1
,,327328,1,2025,1682643.63
,,327328,2,2025,3125020.66
,,327328,3,2025,4940082.96
,,327352,1,2025,73312663.62
,,327352,2,2025,131232295.64
,,327352,3,2025,195368500.19
,,327417,1,2025,353914468.34
,,327417,2,2025,682724315.36
,,327417,3,2025,1036780903.39
,,327468,1,2025,39481145.87
,,327468,2,2025,67156723.01
,,327468,3,2025,103007091.1
,,327557,1,2025,165034631.13
,,327557,2,2025,306876311.46999997
,,327557,3,2025,438854744.7
,,327638,1,2025,27882506.74
,,327638,2,2025,49428645.29
,,327638,3,2025,77493172.28
,,327689,1,2025,1523642763.19
,,327689,2,2025,2806014180.54
,,327689,3,2025,4125884681.54
,,328031,1,2025,1034556.9
,,328031,2,2025,869795.6000000001
,,328031,3,2025,869795.6000000001
,,328294,1,2025,188093295.26999998
,,328294,2,2025,343039078.02
,,328294,3,2025,504514625.8
,,328308,1,2025,56864338.17
,,328308,2,2025,116492001.39
,,328308,3,2025,181256655.79000002
,,328375,1,2025,40561428.65
,,328375,2,2025,75333135.96000001
,,328375,3,2025,113717306.36
,,328537,1,2025,239642334.33
,,328537,2,2025,436866150.69
,,328537,3,2025,658487241.63
,,329339,1,2025,463569727.3
,,329339,2,2025,917250394.53
,,329339,3,2025,1389473996.35
,,329355,1,2025,64866751.45
,,329355,2,2025,133395897.27
,,329355,3,2025,208696473.06
,,329665,2,2025,82241871.45
,,329665,3,2025,145585489.87
,,329886,1,2025,140060759.16
,,329886,2,2025,276429310.53000003
,,329886,3,2025,422774771.84000003
,,330108,1,2025,181154952.8
,,330108,2,2025,340059777.72
,,330108,3,2025,504409095.72
,,330116,1,2025,67204349.15
,,330116,2,2025,124475674.6
,,330116,3,2025,183824359.73
,,330264,1,2025,169679015.88
,,330264,2,2025,340834396.74
,,330264,3,2025,522270449.92
,,330281,1,2025,64239413.260000005
,,330281,2,2025,126263236.44
,,330281,3,2025,189443028.69
,,330566,1,2025,147404331.06
,,330566,2,2025,310729823.76
,,330566,3,2025,486385735.34
,,330809,1,2025,179712387.61
,,330809,2,2025,270937326.21
,,330809,3,2025,397055694.0
,,330892,1,2025,35529684.86
,,330892,2,2025,69826424.11
,,330892,3,2025,102871981.27
,,331104,1,2025,7270589.16
,,331104,2,2025,8217249.57
,,331104,3,2025,12202437.78
,,331317,1,2025,490368837.45
,,331317,2,2025,968810861.36
,,331317,3,2025,1440513447.14
,,331341,1,2025,314938241.97
,,331341,2,2025,612207719.63
,,331341,3,2025,923727439.5699999
,,331651,1,2025,134791901.05
,,331651,2,2025,260748706.31
,,331651,3,2025,391800032.76
,,331872,1,2025,965255066.72
,,331872,2,2025,1836666600.7
,,331872,3,2025,2760158080.24
,,331988,1,2025,816624191.26
,,331988,2,2025,1451750859.3
,,331988,3,2025,2139976104.75
,,333051,1,2025,346827130.15
,,333051,2,2025,703104217.29
,,333051,3,2025,1060083038.78
,,333239,1,2025,1686920.15
,,333239,2,2025,3186848.08
,,333239,3,2025,4781180.72
,,333662,1,2025,288998331.15
,,333662,2,2025,565045644.48
,,333662,3,2025,871983278.66
,,333689,1,2025,527204704.15
,,333689,2,2025,1000290571.76
,,333689,3,2025,1437079490.98
,,333808,1,2025,77675223.88
,,333808,2,2025,148018471.76
,,333808,3,2025,232356656.26
,,333867,1,2025,27610120.38
,,333867,2,2025,46853167.05
,,333867,3,2025,64846348.96
,,333875,1,2025,66943033.910000004
,,333875,2,2025,134719242.23000002
,,333875,3,2025,209482443.13
,,334154,1,2025,132593091.34
,,334154,2,2025,255180031.39
,,334154,3,2025,384994231.11
,,334243,1,2025,8881135.41
,,334243,2,2025,18773121.49
,,334243,3,2025,29188984.34
,,334511,1,2025,4570857.11
,,334511,2,2025,7852492.0200000005
,,334511,3,2025,9254223.43
,,334561,1,2025,1077257549.56
,,334561,2,2025,2079626409.0700002
,,334561,3,2025,3187100363.11
,,334847,1,2025,34260362.14
,,334847,2,2025,57678886.6
,,334847,3,2025,90971920.14
,,335100,1,2025,1972787229.47
,,335100,2,2025,3770841453.24
,,335100,3,2025,5722555553.83
,,335215,1,2025,213482236.57
,,335215,2,2025,430262377.15000004
,,335215,3,2025,652742174.84
,,335258,1,2025,31783926.7
,,335258,2,2025,59320618.69
,,335258,3,2025,90504005.67
,,335479,1,2025,596981089.0600001
,,335479,2,2025,1155841000.81
,,335479,3,2025,1672336385.97
,,335517,1,2025,143133103.71
,,335517,2,2025,257947937.76999998
,,335517,3,2025,389252200.02
,,335541,1,2025,134651338.79
,,335541,2,2025,212963746.03
,,335541,3,2025,276861022.86
,,335592,1,2025,1778021072.3500001
,,335592,2,2025,3294115788.29
,,335592,3,2025,4862213860.55
,,335614,1,2025,2112091532.98
,,335614,2,2025,4126138418.83
,,335614,3,2025,6632034586.38
,,335657,1,2025,38456464.33
,,335657,2,2025,77377080.28
,,335657,3,2025,116375894.88
,,335690,1,2025,4433535177.17
,,335690,2,2025,8685499206.13
,,335690,3,2025,13093701233.75
,,335754,1,2025,148677215.27
,,335754,2,2025,288098577.69
,,335754,3,2025,442634212.73
,,335789,1,2025,48916355.56
,,335789,2,2025,80707331.71
,,335789,3,2025,116468730.34
,,336017,1,2025,11371083.11
,,336017,2,2025,10829274.709999999
,,336017,3,2025,17038806.68
,,336106,1,2025,552985096.64
,,336106,2,2025,1056604286.11
,,336106,3,2025,1574313487.09
,,336467,1,2025,29784290.669999998
,,336467,2,2025,53031332.19
,,336467,3,2025,82571236.9
,,336831,1,2025,177905406.22
,,336831,2,2025,361235575.1
,,336831,3,2025,558556514.61
,,336858,1,2025,2094329386.23
,,336858,2,2025,6881904253.49
,,336858,3,2025,7028346327.89
,,337188,1,2025,450715298.28
,,337188,2,2025,887735003.9300001
,,337188,3,2025,1314271534.59
,,337374,1,2025,477046265.09
,,337374,2,2025,933451643.46
,,337374,3,2025,1409178610.79
,,337498,1,2025,111017310.04
,,337498,2,2025,197317412.29
,,337498,3,2025,294136027.17
,,337561,1,2025,26092354.97
,,337561,2,2025,50211835.59
,,337561,3,2025,75441047.84
,,337668,1,2025,896723098.8599999
,,337668,2,2025,1594477085.7
,,337668,3,2025,2291702255.27
,,337871,1,2025,305896215.28
,,337871,2,2025,549012006.1800001
,,337871,3,2025,810116810.89
,,338346,1,2025,101769153.72
,,338346,2,2025,206489427.27
,,338346,3,2025,312752440.54
,,338648,1,2025,355051682.2
,,338648,2,2025,504917604.01
,,338648,3,2025,734398067.76
,,339458,1,2025,6611357.93
,,339458,2,2025,12665873.07
,,339458,3,2025,18603764.88
,,339679,1,2025,12469460116.82
,,339679,2,2025,22058301933.19
,,339679,3,2025,31696774255.579998
,,339954,1,2025,1081906568.29
,,339954,2,2025,2012674480.92
,,339954,3,2025,3029513543.25
,,340162,1,2025,11642780.9
,,340162,2,2025,18875895.830000002
,,340162,3,2025,18371936.64
,,340251,1,2025,120963256.7
,,340251,2,2025,229117776.47
,,340251,3,2025,328015012.61
,,340782,1,2025,1020407874.85
,,340782,2,2025,2261012001.12
,,340782,3,2025,3221830807.32
,,340952,1,2025,588611708.14
,,340952,2,2025,1158791403.05
,,340952,3,2025,1732427687.1200001
,,341819,1,2025,1536933.29
,,341819,2,2025,2117368.79
,,341819,3,2025,3139409.81
,,341941,1,2025,31124536.33
,,341941,2,2025,54535653.12
,,341941,3,2025,75640664.53
,,342033,1,2025,1161069094.29
,,342033,2,2025,2158178168.26
,,342033,3,2025,3242454212.9700003
,,342084,1,2025,2169187866.91
,,342084,2,2025,3954693663.14
,,342084,3,2025,5738212416.73
,,342131,1,2025,53588535.98
,,342131,2,2025,104413710.63
,,342131,3,2025,203153348.4
,,342157,1,2025,18383315.67
,,342157,2,2025,39676295.31
,,342157,3,2025,61044502.43
,,342203,1,2025,28326582.490000002
,,342203,2,2025,52994443.86
,,342203,3,2025,79021548.74
,,342343,1,2025,91401233.25999999
,,342343,2,2025,171043945.69
,,342343,3,2025,254929608.02
,,342386,1,2025,82099987.48
,,342386,2,2025,156072664.93
,,342386,3,2025,237673572.46
,,342556,1,2025,290332133.12
,,342556,2,2025,624747214.0600001
,,342556,3,2025,984734654.0699999
,,342611,1,2025,239682451.22
,,342611,2,2025,503847895.25
,,342611,3,2025,765340083.24
,,342807,1,2025,254339802.83
,,342807,2,2025,486576781.2
,,342807,3,2025,741496897.66
,,342955,1,2025,6237541.92
,,342955,2,2025,11582396.370000001
,,342955,3,2025,17194582.61
,,343056,1,2025,6443094.37
,,343056,2,2025,12208771.53
,,343056,3,2025,18881730.46
,,343064,1,2025,131109978.86
,,343064,2,2025,245161657.82999998
,,343064,3,2025,354512973.59999996
,,343129,1,2025,47800078.19
,,343129,2,2025,85266665.24
,,343129,3,2025,125831363.95
,,343153,1,2025,20902809.07
,,343153,2,2025,36200124.82
,,343153,3,2025,49791507.86
,,343269,1,2025,1570246459.82
,,343269,2,2025,2917268429.45
,,343269,3,2025,4389257368.77
,,343331,1,2025,140132211.94
,,343331,2,2025,243394077.68
,,343331,3,2025,350549090.73
,,343404,1,2025,2956717.84
,,343404,2,2025,5736590.66
,,343404,3,2025,8227376.25
,,343463,1,2025,98893981.22999999
,,343463,2,2025,197744952.0
,,343463,3,2025,309874696.29
,,343676,1,2025,90501986.03999999
,,343676,2,2025,168444811.01999998
,,343676,3,2025,251253320.78
,,343684,1,2025,96679746.2
,,343684,2,2025,171210361.4
,,343684,3,2025,254664621.57
,,343722,1,2025,23542372.03
,,343722,2,2025,47582528.95
,,343722,3,2025,71433100.73
,,343731,1,2025,1678424284.94
,,343731,2,2025,2718338467.14
,,343731,3,2025,4149665915.57
,,343765,1,2025,44455134.019999996
,,343765,2,2025,84167714.59
,,343765,3,2025,123823356.28999999
,,343889,1,2025,8596934576.869999
,,343889,2,2025,16199459713.21
,,343889,3,2025,24441994030.09
,,344141,1,2025,9996142.89
,,344141,2,2025,19679845.509999998
,,344141,3,2025,30120142.509999998
,,344184,1,2025,6293515.75
,,344184,2,2025,14281428.95
,,344184,3,2025,19241628.05
,,344362,1,2025,279035670.42
,,344362,2,2025,531577994.46
,,344362,3,2025,779353972.75
,,344397,1,2025,602339664.14
,,344397,2,2025,1102314333.1
,,344397,3,2025,1562735519.62
,,344451,1,2025,24321128.419999998
,,344451,2,2025,51478520.74
,,344451,3,2025,81662665.3
,,344729,1,2025,245985697.64
,,344729,2,2025,450995759.14
,,344729,3,2025,657599756.96
,,344788,1,2025,23327501.83
,,344788,2,2025,48776910.42
,,344788,3,2025,72029787.08
,,344800,1,2025,421107393.36
,,344800,2,2025,806493870.9
,,344800,3,2025,1185146258.81
,,344885,1,2025,2397464409.35
,,344885,2,2025,4393468472.14
,,344885,3,2025,6650346031.44
,,344915,1,2025,7148111.2
,,344915,2,2025,11627210.84
,,344915,3,2025,16243445.469999999
,,345091,1,2025,87305532.92
,,345091,2,2025,179837315.69
,,345091,3,2025,269624779.16
,,345318,1,2025,28363213.12
,,345318,2,2025,55080155.52
,,345318,3,2025,80462068.7
,,345458,1,2025,105024803.44
,,345458,2,2025,203374803.74
,,345458,3,2025,311557188.66
,,345598,1,2025,356358472.09000003
,,345598,2,2025,649497628.0
,,345598,3,2025,988121588.1899999
,,345709,1,2025,207074011.38
,,345709,2,2025,388606120.99
,,345709,3,2025,597956153.51
,,345741,1,2025,8153845.13
,,345741,2,2025,8737174.280000001
,,345741,3,2025,8819647.68
,,345776,1,2025,80121161.55
,,345776,2,2025,159154659.13
,,345776,3,2025,235461030.74
,,346004,1,2025,25133873.39
,,346004,2,2025,52516412.79
,,346004,3,2025,79666109.75
,,346209,1,2025,194855420.45000002
,,346209,2,2025,348349759.02
,,346209,3,2025,502804305.37
,,346276,1,2025,430234814.12
,,346276,2,2025,818089815.66
,,346276,3,2025,1220046021.81
,,346659,1,2025,11965066945.62
,,346659,2,2025,22568768888.55
,,346659,3,2025,33523883885.25
,,346870,1,2025,43843608.68
,,346926,1,2025,2186732570.48
,,346926,2,2025,3897215041.48
,,346926,3,2025,5698133692.32
,,346951,1,2025,92796009.28
,,346951,2,2025,179908347.1
,,346951,3,2025,273760998.42
,,347108,1,2025,81984208.96
,,347108,2,2025,150513399.31
,,347108,3,2025,228077742.6
,,347507,1,2025,342424676.24
,,347507,2,2025,655985604.72
,,347507,3,2025,981664472.8199999
,,347604,1,2025,13285823.27
,,347604,2,2025,25950862.23
,,347604,3,2025,39104201.01
,,347655,1,2025,147176649.88
,,347655,2,2025,300134160.26
,,347655,3,2025,481773581.88
,,347736,1,2025,65275087.66
,,347736,2,2025,116331906.66
,,347736,3,2025,167553666.59
,,347795,1,2025,9064755.61
,,347795,2,2025,17087985.6
,,347795,3,2025,25116795.64
,,347825,1,2025,17463354.41
,,347825,2,2025,30663421.54
,,347825,3,2025,45635718.58
,,348082,1,2025,378005769.5
,,348082,2,2025,702852870.51
,,348082,3,2025,1052083910.61
,,348180,1,2025,685599064.71
,,348180,2,2025,1186535205.53
,,348180,3,2025,1653194015.0
,,348244,1,2025,178689176.25
,,348244,2,2025,315838738.84
,,348244,3,2025,461012059.07
,,348261,1,2025,81428657.11
,,348261,2,2025,152931619.75
,,348261,3,2025,225913181.35
,,348295,1,2025,1396632982.46
,,348295,2,2025,2873331693.52
,,348295,3,2025,4426858783.34
,,348520,1,2025,1551053350.49
,,348520,2,2025,3107780669.66
,,348520,3,2025,4404878256.11
,,348830,1,2025,327805027.13
,,348830,2,2025,621976662.41
,,348830,3,2025,896839708.14
,,349534,1,2025,190590769.37
,,349534,2,2025,380154359.29
,,349682,1,2025,445416841.98
,,349682,2,2025,923433617.48
,,349682,3,2025,1432887217.72
,,349712,1,2025,558295416.56
,,349712,2,2025,1034639185.5400001
,,349712,3,2025,1542499741.39
,,350141,1,2025,691376379.3100001
,,350141,2,2025,1315788169.31
,,350141,3,2025,1965442928.1000001
,,350249,1,2025,505520684.49
,,350249,2,2025,941059454.59
,,350249,3,2025,1331441393.92
,,350346,1,2025,44487848.89
,,350346,2,2025,70595385.13
,,350346,3,2025,100484123.2
,,350371,1,2025,367090066.41
,,350371,2,2025,680291897.91
,,350371,3,2025,1009538819.16
,,350494,1,2025,106554338.56
,,350494,2,2025,217136563.06
,,350494,3,2025,333112596.16
,,350648,1,2025,52509783.46
,,350648,2,2025,97917158.71000001
,,350648,3,2025,149260712.4
,,350699,1,2025,144648038.76
,,350699,2,2025,327227665.68
,,350699,3,2025,495331145.76
,,350770,1,2025,6826280.9799999995
,,350770,2,2025,13223025.92
,,350770,3,2025,19615067.21
,,351202,1,2025,1184936330.72
,,351202,2,2025,2340675634.06
,,351202,3,2025,3556450906.64
,,351270,1,2025,52571804.89
,,351270,2,2025,103029878.35
,,351270,3,2025,154396881.32
,,351407,1,2025,209419454.3
,,351407,2,2025,369156758.72
,,351407,3,2025,560211015.63
,,351776,1,2025,43588778.22
,,351776,2,2025,81999650.65
,,351776,3,2025,116858856.94
,,351792,1,2025,-128728.08999999944
,,351792,2,2025,-4036031.2199999993
,,352179,1,2025,134661261.6
,,352179,2,2025,246342751.94
,,352179,3,2025,375041068.92
,,352314,1,2025,150726425.56
,,352314,2,2025,269552039.57
,,352314,3,2025,405515760.0
,,352331,1,2025,1499661654.25
,,352331,2,2025,3056743855.38
,,352331,3,2025,4760400280.93
,,352501,1,2025,5527240082.82
,,352501,2,2025,10707211000.04
,,352501,3,2025,16212233317.460001
,,352519,1,2025,34187501.34
,,352519,2,2025,59167651.07
,,352519,3,2025,78550969.23
,,352543,1,2025,310079640.19
,,352543,2,2025,645972194.42
,,352543,3,2025,1087163026.85
,,352586,1,2025,147440220.75
,,352586,2,2025,217475819.27
,,352586,3,2025,310788610.7
,,352683,1,2025,380327654.81
,,352683,2,2025,740808601.8
,,352683,3,2025,1126901416.59
,,353027,1,2025,98013339.72
,,353027,2,2025,192866119.09
,,353027,3,2025,284057858.58
,,353060,1,2025,412591399.74
,,353060,2,2025,759160591.1899999
,,353060,3,2025,1131466750.65
,,353264,1,2025,33002737.86
,,353264,2,2025,66973210.51
,,353264,3,2025,100527260.56
,,353353,1,2025,807428977.9
,,353353,2,2025,1558656981.78
,,353353,3,2025,2338304838.9
,,353663,1,2025,639802948.35
,,353663,2,2025,1221815656.39
,,353663,3,2025,1851628607.06
,,353698,1,2025,30528878.18
,,353698,2,2025,63679702.120000005
,,353698,3,2025,98179791.91
,,353876,1,2025,66486072.67
,,353876,2,2025,118538680.19
,,353876,3,2025,165767457.62
,,354031,1,2025,701848260.59
,,354031,2,2025,1369065104.29
,,354031,3,2025,2086423943.83
,,354066,1,2025,606302820.64
,,354066,2,2025,1121786391.23
,,354066,3,2025,1675956445.43
,,354279,1,2025,130712304.36
,,354279,2,2025,236726854.67
,,354279,3,2025,340501078.33
,,354295,1,2025,377564549.12
,,354295,2,2025,773114473.1
,,354295,3,2025,1180156207.02
,,354325,1,2025,133087913.56
,,354325,2,2025,234063785.05
,,354325,3,2025,354211328.14
,,354511,1,2025,220099399.69
,,354511,2,2025,428943320.89
,,354511,3,2025,658231919.2
,,354562,1,2025,241088027.12
,,354562,2,2025,543023400.41
,,354562,3,2025,865970062.0699999
,,354619,1,2025,46548170.64
,,354619,2,2025,95211503.58
,,354619,3,2025,145743045.91
,,354627,1,2025,14323056158.07
,,354627,2,2025,14398177819.72
,,354627,3,2025,14478341934.039999
,,354678,1,2025,27275400.41
,,354678,2,2025,49716827.1
,,354678,3,2025,76101375.72
,,354783,1,2025,490243148.41
,,354783,2,2025,966777737.8
,,354783,3,2025,1466664407.48
,,354996,1,2025,57988563.42
,,354996,2,2025,102452255.33
,,354996,3,2025,150480981.34
,,355097,1,2025,1168906223.1200001
,,355097,2,2025,2385989523.9900002
,,355097,3,2025,3478189221.66
,,355151,1,2025,523842625.8
,,355151,2,2025,991847564.94
,,355151,3,2025,1451916162.25
,,355577,1,2025,113048116.66
,,355577,2,2025,207257226.69
,,355577,3,2025,314562328.15999997
,,355593,1,2025,85524362.16
,,355593,2,2025,155700144.88
,,355593,3,2025,239400220.19000003
,,355691,1,2025,1039727625.41
,,355691,2,2025,1950819709.3
,,355691,3,2025,2939666517.04
,,355721,1,2025,1245522527.2
,,355721,2,2025,2416022264.09
,,355721,3,2025,3659235230.32
,,356123,1,2025,218968224.26999998
,,356123,2,2025,445105558.61
,,356123,3,2025,695997548.0
,,356417,1,2025,577530935.34
,,356417,2,2025,1177496691.3899999
,,356417,3,2025,1811964050.94
,,356476,1,2025,201987701.87
,,356476,2,2025,373731970.13
,,356476,3,2025,561239224.52
,,356581,1,2025,101962007.36
,,356581,2,2025,182333659.76
,,356581,3,2025,263781166.58
,,357022,1,2025,134761816.45
,,357022,2,2025,254345497.5
,,357022,3,2025,372591819.96
,,357138,1,2025,222094958.31
,,357138,2,2025,450593167.27
,,357138,3,2025,683195895.76
,,357260,1,2025,292676116.02
,,357260,2,2025,565594735.98
,,357260,3,2025,833339808.8199999
,,357391,1,2025,2930819624.97
,,357391,2,2025,5413913577.52
,,357391,3,2025,8274001235.65
,,357511,1,2025,1466074444.86
,,357511,2,2025,2776209187.61
,,357511,3,2025,4114106616.27
,,357669,1,2025,30092397.79
,,357669,2,2025,55723778.28
,,357669,3,2025,80305060.78
,,357715,1,2025,65225934.38
,,357715,2,2025,121079253.92999999
,,357715,3,2025,182985805.85
,,358053,1,2025,83138821.09
,,358053,2,2025,314999479.15
,,358053,3,2025,662055937.78
,,358088,1,2025,342772785.46
,,358088,2,2025,643984067.7
,,358088,3,2025,957576820.21
,,358096,1,2025,154352065.16
,,358096,2,2025,287289101.81
,,358096,3,2025,419861891.28
,,358282,1,2025,79390182.53
,,358282,2,2025,145486083.71
,,358282,3,2025,225336031.43
,,358339,1,2025,9700953.17
,,358339,2,2025,17200243.080000002
,,358339,3,2025,24762636.88
,,358436,1,2025,22069362.09
,,358436,2,2025,46671301.04
,,358436,3,2025,72165987.17
,,358754,1,2025,85658317.77
,,358754,2,2025,167321832.04999998
,,358754,3,2025,205844455.12
,,359017,1,2025,14321242803.43
,,359017,2,2025,30802174297.66
,,359017,3,2025,44806429435.75
,,359033,1,2025,63983301.12
,,359033,2,2025,114143629.74000001
,,359033,3,2025,178738814.52
,,359122,1,2025,138572484.70000002
,,359122,2,2025,258926547.04
,,359122,3,2025,392658882.29
,,359289,1,2025,300161849.8
,,359289,2,2025,557671116.65
,,359661,1,2025,3304302165.16
,,359661,2,2025,6433215727.9
,,359661,3,2025,9900404413.54
,,359777,1,2025,397316845.82
,,359777,2,2025,738663447.27
,,359777,3,2025,1095664124.16
,,360244,1,2025,406259411.40999997
,,360244,2,2025,764569570.8
,,360244,3,2025,1128848942.26
,,360414,1,2025,92462991.95
,,360414,2,2025,180667054.37
,,360414,3,2025,260349287.03
,,360449,1,2025,1966845158.95
,,360449,2,2025,3753515215.62
,,360449,3,2025,5742756958.97
,,360783,1,2025,15731005.03
,,360783,2,2025,31841338.2
,,360783,3,2025,51900880.96
,,361011,1,2025,882215012.49
,,361011,2,2025,1552178964.9099998
,,361011,3,2025,2286289231.46
,,361461,1,2025,125732672.12
,,361461,2,2025,228956583.95
,,361461,3,2025,344981458.96
,,361569,1,2025,21648187.1
,,361569,2,2025,36389797.54
,,361569,3,2025,53273212.34
,,361593,1,2025,15010959.959999999
,,361593,2,2025,31092138.69
,,361593,3,2025,48557526.800000004
,,361615,1,2025,174063173.67
,,361615,2,2025,329566171.84000003
,,361615,3,2025,489151793.76
,,361941,1,2025,136303892.25
,,361941,2,2025,252746289.16
,,361941,3,2025,369798930.05
,,362140,1,2025,153482347.77
,,362140,2,2025,259547028.92000002
,,362140,3,2025,378587199.85
,,362573,1,2025,60516565.21
,,362573,2,2025,119046870.74
,,362573,3,2025,187536097.71
,,362832,1,2025,55588528.51
,,362832,2,2025,104640733.04
,,362832,3,2025,164087565.43
,,363189,1,2025,17325991.63
,,363189,2,2025,29704248.17
,,363189,3,2025,42515813.32
,,363286,1,2025,93206186.74
,,363286,2,2025,154880590.4
,,363286,3,2025,221504494.22
,,363391,1,2025,17891059.43
,,363391,2,2025,27736758.48
,,363391,3,2025,37499874.99
,,363855,1,2025,147523324.99
,,363855,2,2025,261951047.53
,,363855,3,2025,397728212.61
,,364070,1,2025,40834551.72
,,364070,2,2025,80005586.47
,,364070,3,2025,118608063.14
,,364312,1,2025,490587366.72
,,364312,2,2025,985857079.98
,,364312,3,2025,1485438446.96
,,364584,1,2025,619727152.9300001
,,364584,2,2025,1200021767.16
,,364584,3,2025,1799957863.72
,,364592,1,2025,78132607.57
,,364592,2,2025,143084603.25
,,364592,3,2025,200582535.0
,,364860,1,2025,274167596.47
,,364860,2,2025,542209191.81
,,364860,3,2025,838029245.8100001
,,365238,1,2025,101249110.38
,,365238,2,2025,192893997.98
,,365238,3,2025,283104449.07
,,365530,1,2025,65908982.71
,,365530,2,2025,126441883.24
,,365530,3,2025,191846651.67
,,365645,1,2025,20654256.91
,,365645,2,2025,20654256.91
,,365645,3,2025,24364854.29
,,365777,1,2025,115794272.53
,,365777,2,2025,224291216.8
,,365777,3,2025,351401861.93
,,365785,1,2025,6025645.71
,,365785,2,2025,12075068.639999999
,,365785,3,2025,18382707.83
,,366064,1,2025,110471170.02
,,366064,2,2025,216952105.04
,,366064,3,2025,324167671.57
,,366340,1,2025,73681948.42
,,366340,2,2025,140797850.62
,,366340,3,2025,207617513.49
,,366439,1,2025,23830005.91
,,366439,2,2025,51333360.120000005
,,366439,3,2025,88938279.31
,,366561,1,2025,468991931.51
,,366561,2,2025,881172546.4
,,366561,3,2025,1271204403.86
,,367087,1,2025,499262249.2
,,367087,2,2025,921175379.16
,,367087,3,2025,1374711289.89
,,367095,1,2025,486242710.56
,,367095,2,2025,1010642437.74
,,367095,3,2025,1502341289.87
,,367397,1,2025,468130286.8
,,367397,2,2025,891048966.68
,,367397,3,2025,1328269081.96
,,367613,1,2025,18919521.81
,,367613,2,2025,32509985.77
,,367613,3,2025,46671282.19
,,368148,1,2025,115375374.9
,,368148,2,2025,216091258.47
,,368148,3,2025,320826965.58
,,368253,1,2025,13809385187.98
,,368253,2,2025,32380377643.1
,,368253,3,2025,42044049912.67
,,368555,1,2025,34362481.94
,,368555,2,2025,67752095.28
,,368555,3,2025,107442381.71
,,368920,1,2025,150281909.87
,,368920,2,2025,264671528.68
,,368920,3,2025,403211724.98
,,369292,1,2025,552910476.11
,,369292,2,2025,1108638392.5
,,369292,3,2025,1653175373.21
,,369411,1,2025,311496434.48
,,369411,2,2025,558386991.89
,,369411,3,2025,831055687.68
,,369659,1,2025,853944276.81
,,369659,2,2025,1621947307.0
,,369659,3,2025,2423124098.9700003
,,370070,1,2025,858611964.68
,,370070,2,2025,1570064483.7
,,370070,3,2025,2339415762.08
,,370088,1,2025,95166131.18
,,370088,2,2025,171871809.68
,,370088,3,2025,258139975.06
,,370568,1,2025,10317758.05
,,370568,2,2025,21639178.75
,,370568,3,2025,33171687.310000002
,,370592,1,2025,29948414.62
,,370592,2,2025,53336391.1
,,370592,3,2025,77109111.6
,,370681,1,2025,287589282.59000003
,,370681,2,2025,536581093.1
,,370681,3,2025,782556333.27
,,370711,1,2025,7827251.17
,,370711,2,2025,15037147.85
,,370711,3,2025,22869448.36
,,370975,1,2025,87464391.08
,,370975,2,2025,157881328.18
,,370975,3,2025,219687848.44
,,371106,1,2025,298294275.7
,,371106,2,2025,589694603.23
,,371106,3,2025,901231619.92
,,371254,1,2025,1252169449.92
,,371254,2,2025,2307748210.2
,,371254,3,2025,3535318769.15
,,371564,1,2025,62110222.66
,,371564,2,2025,108674947.54
,,371564,3,2025,153549515.27
,,371629,1,2025,277624936.25
,,371629,2,2025,533856854.09
,,371629,3,2025,815055268.62
,,371777,1,2025,200856229.6
,,371777,2,2025,378632606.46
,,371777,3,2025,599552886.24
,,372561,1,2025,128065115.41
,,372561,2,2025,248430318.63
,,372561,3,2025,369729157.78
,,372609,1,2025,353342377.76
,,372609,2,2025,660447099.29
,,372609,3,2025,971673376.02
,,373109,2,2025,10979918.42
,,373109,3,2025,16855735.7
,,374440,1,2025,47491002.95999999
,,374440,2,2025,94141588.77
,,374440,3,2025,136184162.98000002
,,378216,1,2025,95408694.31
,,378216,2,2025,171771513.09
,,378216,3,2025,255846619.87
,,379280,1,2025,288028977.95
,,379280,2,2025,572847452.52
,,379280,3,2025,870471899.53
,,379956,1,2025,3197914981.37
,,379956,2,2025,6259317418.08
,,379956,3,2025,9500993663.64
,,380661,1,2025,629196486.87
,,380661,2,2025,1095765862.46
,,380661,3,2025,1430379959.43
,,381144,1,2025,7564611.2
,,381144,2,2025,14241217.32
,,381144,3,2025,22646408.98
,,382281,1,2025,7406532.41
,,382281,2,2025,15360354.34
,,382281,3,2025,23611938.32
,,382540,1,2025,141754986.87
,,382540,2,2025,284368544.31
,,382540,3,2025,437462504.83
,,382639,1,2025,3162468.84
,,382639,2,2025,6656268.13
,,382639,3,2025,10802560.78
,,382655,1,2025,8629387.27
,,382655,2,2025,17205358.98
,,382655,3,2025,26936622.130000003
,,382876,1,2025,4002723531.68
,,382876,2,2025,7499120297.37
,,382876,3,2025,10855870109.52
,,384577,1,2025,1238544868.96
,,384577,2,2025,2184946270.66
,,384577,3,2025,3164710495.53
,,384704,1,2025,40460208.44
,,384704,2,2025,74663949.71
,,384704,3,2025,115075319.60000001
,,385255,1,2025,221185894.41
,,385255,2,2025,416273929.14000005
,,385255,3,2025,626418880.63
,,385620,1,2025,84169641.11
,,385620,2,2025,157978975.8
,,385620,3,2025,229692654.66
,,385697,1,2025,692381627.1999999
,,385697,2,2025,1357165760.94
,,385697,3,2025,2008171414.47
,,386588,1,2025,461769457.54
,,386588,2,2025,884959003.46
,,386588,3,2025,1321261339.97
,,386596,1,2025,201708419.63
,,386596,2,2025,331924429.49
,,386596,3,2025,496818396.2
,,386901,1,2025,43032826.019999996
,,386901,2,2025,90699050.17
,,386901,3,2025,149454952.55
,,387185,1,2025,44074674.08
,,387185,2,2025,76739061.42
,,387185,3,2025,110390326.35
,,388092,1,2025,13416826.03
,,388092,2,2025,31617917.02
,,388092,3,2025,52642463.5
,,389358,1,2025,15703550.98
,,389358,2,2025,29959396.26
,,389358,3,2025,101014925.85
,,389854,1,2025,15836646.69
,,389854,2,2025,33248340.72
,,389854,3,2025,50329583.59
,,390259,1,2025,13500053.6
,,390259,2,2025,24182727.669999998
,,390259,3,2025,34803421.5
,,392804,1,2025,603375631.58
,,392804,2,2025,1265253573.6
,,392804,3,2025,1819587638.76
,,393321,2,2025,438286071.59999996
,,393533,1,2025,6725227.580000001
,,393533,2,2025,14447946.02
,,393533,3,2025,42212847.82
,,394734,1,2025,218458869.83
,,394734,2,2025,298039069.08
,,394734,3,2025,377697312.27
,,395480,1,2025,133259929.48
,,395480,2,2025,232474297.67
,,395480,3,2025,326392946.7
,,397245,1,2025,2174111.44
,,397245,2,2025,3695897.29
,,397245,3,2025,4961472.57
,,401081,1,2025,163371322.06
,,401081,2,2025,307334041.22
,,401081,3,2025,452413127.73
,,401480,1,2025,38669807.79
,,401480,2,2025,65868624.989999995
,,401480,3,2025,97771613.79
,,402001,1,2025,17106073.23
,,402001,2,2025,30481194.55
,,402001,3,2025,42992646.03
,,402206,1,2025,33361175.28
,,402206,2,2025,62823930.72
,,402206,3,2025,96625101.96
,,402966,1,2025,82108260.41
,,402966,2,2025,132934403.12
,,402966,3,2025,160286054.05
,,403962,1,2025,94942542.88
,,403962,2,2025,183358916.63
,,403962,3,2025,267119552.3
,,404241,1,2025,27000675.58
,,404241,2,2025,48489324.95
,,404241,3,2025,72450847.52
,,406481,1,2025,133736061.04
,,406481,2,2025,239195785.19000003
,,406481,3,2025,356174929.93
,,406554,1,2025,220951391.26
,,406554,2,2025,353747377.92
,,406554,3,2025,576164457.32
,,406635,1,2025,15157300.01
,,406635,2,2025,25848281.400000002
,,406635,3,2025,37423598.330000006
,,406805,1,2025,31774790.8
,,406805,2,2025,60945126.9
,,406805,3,2025,97021737.86
,,406813,1,2025,6881925.57
,,406813,2,2025,12613789.32
,,406813,3,2025,18409887.05
,,406937,1,2025,40554905.480000004
,,406937,2,2025,70532331.11999999
,,406937,3,2025,103705200.78
,,406945,1,2025,84771026.48
,,406945,2,2025,157280466.51999998
,,406945,3,2025,227139728.74
,,407011,1,2025,385501387.26
,,407011,2,2025,632787219.4499999
,,407011,3,2025,687231722.04
,,407224,1,2025,27688957.63
,,407224,2,2025,34693384.67
,,407224,3,2025,42227511.39
,,407534,1,2025,5242779.82
,,407534,2,2025,9070177.92
,,407534,3,2025,13042476.05
,,407569,1,2025,10045069.86
,,407569,2,2025,18628191.31
,,407569,3,2025,27169990.14
,,408026,1,2025,7554142.3
,,408026,2,2025,15901760.450000001
,,408026,3,2025,23858417.61
,,408034,1,2025,8819481.92
,,408034,2,2025,13459800.35
,,408034,3,2025,18131187.330000002
,,408093,1,2025,5770892.17
,,408093,2,2025,9256590.43
,,408093,3,2025,20928465.34
,,408263,1,2025,15355929.07
,,408263,2,2025,29708976.38
,,408263,3,2025,43792672.87
,,408522,1,2025,3841798.16
,,408522,2,2025,5911052.39
,,408522,3,2025,7166026.86
,,408794,1,2025,50550397.41
,,408794,2,2025,87999357.3
,,408794,3,2025,132436026.97
,,409243,1,2025,271878298.09999996
,,409243,2,2025,501055189.09
,,409243,3,2025,749826126.99
,,409286,1,2025,927010.54
,,409286,2,2025,1574010.32
,,409286,3,2025,2425404.5100000002
,,409405,1,2025,11476791.87
,,409405,2,2025,14300713.08
,,409405,3,2025,19386711.46
,,409413,1,2025,19719468.68
,,409413,2,2025,39245002.19
,,409413,3,2025,57429300.78
,,409634,1,2025,11578293.549999999
,,409634,2,2025,24759011.209999997
,,409634,3,2025,35420895.71
,,409791,1,2025,8259902.2700000005
,,409791,2,2025,14781755.030000001
,,409791,3,2025,22234145.400000002
,,410110,1,2025,44402311.22
,,410110,2,2025,78217734.87
,,410110,3,2025,109758221.21
,,410128,1,2025,63287198.48
,,410128,2,2025,121601931.98
,,410128,3,2025,180275433.21
,,410292,1,2025,112341922.67
,,410292,2,2025,203943457.76
,,410292,3,2025,316697447.18
,,410608,1,2025,22553627.95
,,410608,2,2025,43724842.13
,,410608,3,2025,65131510.82
,,410624,1,2025,20173995.41
,,410624,2,2025,33312839.849999998
,,410624,3,2025,46481510.0
,,410888,1,2025,37482974.71
,,410888,2,2025,78815346.98
,,410888,3,2025,124315091.99
,,411248,1,2025,8694235.81
,,411248,2,2025,16018286.91
,,411248,3,2025,23085919.32
,,411256,1,2025,673415623.97
,,411256,2,2025,1272833343.16
,,411256,3,2025,1903434648.09
,,411582,1,2025,86821096.96
,,411582,2,2025,157872057.26
,,411582,3,2025,233364396.73999998
,,411752,1,2025,480221126.35
,,411752,2,2025,698837241.61
,,411752,3,2025,891464090.3599999
,,411809,1,2025,18457235.34
,,411809,2,2025,32483466.86
,,411809,3,2025,49353696.82
,,411868,1,2025,15207960.3
,,411868,2,2025,26727531.02
,,411868,3,2025,43119548.54
,,412015,1,2025,5397368.69
,,412015,2,2025,10435758.31
,,412015,3,2025,17393658.76
,,412058,1,2025,51976780.19
,,412058,2,2025,89584487.8
,,412058,3,2025,128112384.33
,,412252,1,2025,35898417.64
,,412252,2,2025,76244287.45
,,412252,3,2025,110324716.11
,,412295,1,2025,120474326.95
,,412295,2,2025,194425438.6
,,412295,3,2025,272459725.34
,,412635,1,2025,59938248.839999996
,,412635,2,2025,70499211.67
,,412635,3,2025,86281841.85
,,412759,1,2025,63164941.62
,,412759,2,2025,106423366.17
,,412759,3,2025,163836593.87
,,412996,1,2025,15179907.05
,,412996,2,2025,26691889.74
,,412996,3,2025,37955453.99
,,413160,1,2025,67914552.11999999
,,413160,2,2025,130055489.96
,,413160,3,2025,204827046.47
,,413267,1,2025,4880159.37
,,413267,2,2025,7249265.72
,,413267,3,2025,10861171.58
,,413283,1,2025,5270713.029999999
,,413283,2,2025,11139596.690000001
,,413283,3,2025,18973913.06
,,413330,1,2025,55004988.059999995
,,413330,2,2025,102180946.42999999
,,413330,3,2025,150863017.33
,,413372,1,2025,35486564.88
,,413372,2,2025,60051897.43
,,413372,3,2025,89981755.25
,,413429,1,2025,27114301.14
,,413429,2,2025,52237436.54
,,413429,3,2025,76536012.56
,,413518,1,2025,26209239.139999997
,,413518,2,2025,56640954.06
,,413518,3,2025,86157253.63
,,413534,1,2025,1341051795.35
,,413534,2,2025,2503586179.84
,,413534,3,2025,3669712306.89
,,413551,2,2025,3556854.21
,,413551,3,2025,4604572.6
,,413721,1,2025,46012802.48
,,413721,2,2025,86058132.71
,,413721,3,2025,130035307.27
,,413747,1,2025,5189083.75
,,413747,2,2025,10188260.11
,,413747,3,2025,15215668.96
,,414026,1,2025,11054680.46
,,414026,2,2025,19574960.11
,,414026,3,2025,26961062.52
,,414212,1,2025,41134964.76
,,414212,2,2025,71143687.47
,,414212,3,2025,103578764.71
,,414310,1,2025,194074928.07
,,414310,2,2025,354230226.57
,,414310,3,2025,531406521.42
,,414352,1,2025,200600113.75
,,414352,2,2025,379242769.15999997
,,414352,3,2025,555955080.53
,,414387,1,2025,7837878.63
,,414387,2,2025,15192988.93
,,414387,3,2025,23280443.360000003
,,414492,1,2025,273928497.53000003
,,414492,2,2025,518272516.16
,,414492,3,2025,795547935.77
,,414573,1,2025,113801421.65
,,414573,2,2025,211656325.35999998
,,414573,3,2025,314291303.69
,,414581,1,2025,290816079.29
,,414581,2,2025,557148726.24
,,414581,3,2025,795706186.59
,,414654,1,2025,9984616.37
,,414654,2,2025,17987293.02
,,414654,3,2025,26550884.13
,,414662,1,2025,26941460.8
,,414662,2,2025,47792544.91
,,414662,3,2025,67769837.88
,,414689,1,2025,5001143.2700000005
,,414689,2,2025,6766179.47
,,414689,3,2025,10051126.749999998
,,414701,1,2025,12224833.64
,,414701,2,2025,23656097.0
,,414701,3,2025,35234117.49
,,414905,1,2025,49526930.28
,,414905,2,2025,188027562.57
,,414905,3,2025,285023757.61
,,414930,1,2025,144927239.92
,,414930,2,2025,275633763.07
,,414930,3,2025,415197326.43
,,415014,1,2025,147110319.16
,,415014,2,2025,270889404.39
,,415014,3,2025,360325600.8
,,415065,1,2025,57445150.59
,,415065,2,2025,124155617.94
,,415065,3,2025,199829867.65
,,415081,1,2025,4727895.43
,,415081,2,2025,7858072.12
,,415081,3,2025,12576391.97
,,415111,1,2025,360811024.8
,,415111,2,2025,687790652.82
,,415111,3,2025,988890807.8199999
,,415243,1,2025,5750500.72
,,415243,2,2025,11432497.75
,,415243,3,2025,18010577.79
,,415626,1,2025,36398989.92
,,415626,2,2025,72945674.59
,,415626,3,2025,115274431.2
,,415693,1,2025,213394846.09
,,415693,2,2025,419937440.7
,,415693,3,2025,624073079.77
,,415774,1,2025,253430241.99
,,415774,2,2025,459768036.03000003
,,415774,3,2025,674998124.43
,,415901,1,2025,2602211.62
,,415901,2,2025,4295568.12
,,415901,3,2025,5838829.0
,,415910,1,2025,4014376.6799999997
,,415910,2,2025,7011007.35
,,415910,3,2025,10206097.870000001
,,415936,1,2025,48162162.24
,,415936,2,2025,107288768.29
,,415936,3,2025,169361304.33999997
,,415944,1,2025,236416.66999999998
,,415944,2,2025,448209.01
,,415944,3,2025,704453.97
,,415987,1,2025,7281789.5
,,415987,2,2025,14934749.35
,,415987,3,2025,22301365.12
,,416398,1,2025,107877012.84
,,416398,2,2025,194652979.27
,,416398,3,2025,291534768.82
,,416401,1,2025,306099826.61
,,416401,2,2025,610942056.1
,,416401,3,2025,912136865.47
,,416410,1,2025,34149.979999999996
,,416410,3,2025,283472.97
,,416428,1,2025,1898718889.44
,,416428,2,2025,3345442950.21
,,416428,3,2025,4820311213.43
,,416495,1,2025,103898295.81
,,416495,2,2025,189034628.32
,,416495,3,2025,285621066.73
,,416525,1,2025,15183498.53
,,416525,2,2025,26618623.82
,,416525,3,2025,37739924.68
,,416568,1,2025,323769080.53
,,416568,2,2025,549825085.39
,,416568,3,2025,806117292.0699999
,,416584,1,2025,76171527.25
,,416584,2,2025,139234837.24
,,416584,3,2025,203560427.38
,,416690,1,2025,117709865.8
,,416690,2,2025,220646588.06
,,416690,3,2025,340428396.2
,,416738,1,2025,126081950.95
,,416738,2,2025,251623375.88
,,416738,3,2025,373196687.32
,,416801,1,2025,117232909.37
,,416801,2,2025,232436502.42
,,416801,3,2025,362398971.7
,,417092,1,2025,4786.84
,,417092,2,2025,4786.84
,,417092,3,2025,4786.84
,,417106,1,2025,2980816.04
,,417106,2,2025,5965022.680000001
,,417106,3,2025,9612031.27
,,417131,1,2025,2081839.94
,,417131,2,2025,6072215.61
,,417131,3,2025,9008777.44
,,417173,1,2025,66245.9
,,417173,2,2025,-91957.14
,,417173,3,2025,3813321.51
,,417211,1,2025,87680665.37
,,417211,2,2025,181336235.77
,,417211,3,2025,278474123.01
,,417220,1,2025,4041871.5599999996
,,417220,2,2025,7331881.53
,,417220,3,2025,10894763.540000001
,,417297,1,2025,152040885.45
,,417297,2,2025,288619830.71
,,417297,3,2025,426674065.05
,,417301,1,2025,-69706.11
,,417301,2,2025,-117823.09
,,417301,3,2025,-13735.83
,,417424,1,2025,0.0
,,417424,2,2025,0.0
,,417424,3,2025,0.0
,,417475,1,2025,14055531.27
,,417475,2,2025,29578565.24
,,417475,3,2025,39960081.19
,,417491,1,2025,5607745.95
,,417491,2,2025,21217190.47
,,417491,3,2025,57542301.62
,,417505,1,2025,954879215.61
,,417505,2,2025,1751078331.6100001
,,417505,3,2025,2386180302.47
,,417530,1,2025,432240018.68
,,417530,2,2025,863047034.51
,,417530,3,2025,1323110304.85
,,417548,1,2025,279243304.40000004
,,417548,2,2025,501017195.66
,,417548,3,2025,746763427.8
,,417599,1,2025,160192327.45
,,417599,2,2025,272454333.64
,,417599,3,2025,375522329.09000003
,,417611,1,2025,0.0
,,417661,1,2025,79386311.9
,,417661,2,2025,166072453.7
,,417661,3,2025,259110164.62
,,417718,1,2025,0.0
,,417718,2,2025,0.0
,,417718,3,2025,0.0
,,417815,1,2025,98545307.86
,,417815,2,2025,183470499.76
,,417815,3,2025,266092614.75
,,417831,1,2025,4147788.27
,,417831,2,2025,9120691.34
,,417831,3,2025,14533909.09
,,417840,3,2025,10447973.77
,,417947,1,2025,203972411.25
,,417947,2,2025,372157083.35
,,417947,3,2025,538766249.66
,,417955,1,2025,91672360.84
,,417955,2,2025,186330921.07999998
,,417955,3,2025,295801948.52
,,418021,1,2025,454454346.13
,,418021,2,2025,894505763.9
,,418021,3,2025,1269112201.1299999
,,418030,1,2025,0.0
,,418072,1,2025,7103838.4
,,418072,2,2025,3641232.2
,,418072,3,2025,4157232.5700000003
,,418129,1,2025,8869655.39
,,418129,2,2025,18412326.36
,,418129,3,2025,32155436.5
,,418137,1,2025,45046544.21
,,418137,2,2025,77737855.84
,,418137,3,2025,113133351.34
,,418161,1,2025,0.0
,,418170,1,2025,548508180.08
,,418170,2,2025,988509053.96
,,418170,3,2025,1440894027.85
,,418218,1,2025,6019752.62
,,418218,2,2025,13287967.99
,,418218,3,2025,22068966.17
,,418226,1,2025,16880125.77
,,418226,2,2025,32025496.0
,,418226,3,2025,52019483.72
,,418285,1,2025,57346464.72
,,418285,2,2025,103584167.27
,,418285,3,2025,147921335.07999998
,,418374,1,2025,206964607.76
,,418374,2,2025,318995771.98
,,418374,3,2025,470115834.0
,,418501,1,2025,19114885.18
,,418501,2,2025,37056135.64
,,418501,3,2025,56682296.690000005
,,418552,1,2025,32296.83
,,418552,2,2025,124534.83
,,418552,3,2025,321737.76
,,418587,1,2025,89003345.57000001
,,418587,2,2025,167904188.45000002
,,418587,3,2025,256183559.57
,,418617,1,2025,64813682.52
,,418617,2,2025,116415084.56
,,418617,3,2025,172411515.1
,,418650,1,2025,234879143.46
,,418650,2,2025,436192424.84
,,418650,3,2025,674971061.4
,,418706,3,2025,-4083.0
,,418731,1,2025,90315954.72
,,418731,2,2025,191506130.1
,,418731,3,2025,298235306.27
,,418749,1,2025,12107892.65
,,418749,2,2025,21883090.13
,,418749,3,2025,31274188.35
,,418803,1,2025,146694944.12
,,418803,2,2025,280149854.46
,,418803,3,2025,409589554.71000004
,,418820,1,2025,77443944.48
,,418820,2,2025,136135056.63
,,418820,3,2025,220115406.99
,,418919,1,2025,85910544.14
,,418919,2,2025,154621801.56
,,418919,3,2025,232486441.49
,,418960,1,2025,-14000.0
,,418960,2,2025,-14000.0
,,418960,3,2025,-14000.0
,,418994,1,2025,847953.1599999999
,,418994,2,2025,1574904.3599999999
,,418994,3,2025,2435086.88
,,419010,1,2025,668776057.37
,,419010,2,2025,1236246718.16
,,419010,3,2025,1864036307.86
,,419028,1,2025,3518557.43
,,419028,2,2025,7727369.3
,,419028,3,2025,12196297.9
,,419052,1,2025,85999697.58
,,419052,2,2025,155924916.04
,,419052,3,2025,243813547.89
,,419079,1,2025,1440015.56
,,419079,2,2025,1558141.19
,,419079,3,2025,1614209.75
,,419133,1,2025,1173813756.34
,,419133,2,2025,1934476839.95
,,419133,3,2025,2652832897.33
,,419141,1,2025,163492938.47
,,419141,2,2025,333040791.21
,,419141,3,2025,504815736.13
,,419150,1,2025,81130995.03
,,419150,2,2025,159991879.9
,,419150,3,2025,266605134.26
,,419249,1,2025,667722578.09
,,419249,2,2025,1294477449.79
,,419249,3,2025,1983936868.18
,,419257,1,2025,0.0
,,419257,2,2025,0.0
,,419257,3,2025,0.0
,,419281,1,2025,2686719.93
,,419281,2,2025,4818064.9799999995
,,419281,3,2025,6505698.13
,,419290,1,2025,-508278.77
,,419290,2,2025,-639530.96
,,419290,3,2025,-800639.38
,,419354,1,2025,917840.96
,,419354,2,2025,-1789778.8699999999
,,419354,3,2025,-4528080.89
,,419389,1,2025,-75096.8
,,419389,2,2025,-31423.12
,,419389,3,2025,-503058.78
,,419419,1,2025,46385543.38
,,419419,2,2025,99338909.91
,,419419,3,2025,152565640.21
,,419427,1,2025,76622566.61
,,419427,2,2025,155227817.3
,,419427,3,2025,273787601.24
,,419486,1,2025,97661515.99
,,419486,2,2025,168597772.04
,,419486,3,2025,259607791.82
,,419516,1,2025,58532648.69
,,419516,3,2025,135752137.47
,,419524,1,2025,1943073.85
,,419524,2,2025,3230636.76
,,419524,3,2025,4769623.05
,,419567,1,2025,0.0
,,419567,2,2025,0.0
,,419567,3,2025,0.0
,,419591,1,2025,8703442.28
,,419591,2,2025,13956735.45
,,419591,3,2025,24053306.17
,,419699,1,2025,67804241.44
,,419699,2,2025,128064872.42
,,419699,3,2025,183459306.99
,,419753,1,2025,17440126.54
,,419753,2,2025,29840961.55
,,419753,3,2025,40078910.42
,,419851,1,2025,18159577.09
,,419851,2,2025,33438582.080000002
,,419851,3,2025,49355555.51
,,419958,1,2025,49280750.02
,,419958,2,2025,90738245.2
,,419958,3,2025,133666403.8
,,419974,1,2025,15430278.03
,,419974,2,2025,26085782.84
,,419974,3,2025,39761763.5
,,420000,1,2025,103375179.32
,,420000,2,2025,182479296.6
,,420000,3,2025,268721708.78
,,420051,1,2025,2761663.6199999996
,,420051,2,2025,2761536.2199999997
,,420077,1,2025,360050553.9
,,420077,2,2025,745381700.48
,,420077,3,2025,1152295682.97
,,420085,1,2025,29036490.48
,,420085,2,2025,55668561.24
,,420085,3,2025,81918311.53
,,420093,1,2025,6938230.35
,,420093,2,2025,12090954.9
,,420093,3,2025,18617306.58
,,420107,1,2025,0.0
,,420107,2,2025,-3742802.37
,,420107,3,2025,-4375333.52
,,420123,1,2025,13633299.399999999
,,420123,2,2025,22949125.26
,,420123,3,2025,34842973.64
,,420158,1,2025,149473338.31
,,420158,2,2025,309106395.54
,,420158,3,2025,478670139.59999996
,,420166,1,2025,234071569.28
,,420166,2,2025,464001173.37
,,420166,3,2025,689040763.38
,,420271,2,2025,46170986.84
,,420271,3,2025,69951499.27
,,420701,1,2025,45775451.19
,,420701,2,2025,94066140.33
,,420701,3,2025,152568401.68
,,420786,1,2025,37569517.43
,,420786,2,2025,73545246.42
,,420786,3,2025,109993430.43
,,420816,1,2025,4552282.2
,,420816,2,2025,8003987.45
,,420816,3,2025,11590570.84
,,420841,1,2025,1154576.18
,,420841,2,2025,678443.42
,,420841,3,2025,-2383485.46
,,420930,1,2025,4075688.3899999997
,,420930,2,2025,4401363.69
,,420930,3,2025,4401363.69
,,420981,1,2025,10671508.459999999
,,420981,2,2025,20646450.67
,,420981,3,2025,31384750.15
,,421006,1,2025,82792917.33
,,421006,2,2025,151921108.45000002
,,421006,3,2025,226955913.66
,,421146,1,2025,0.0
,,421146,2,2025,0.0
,,421146,3,2025,0.0
,,421154,1,2025,81841725.8
,,421154,2,2025,141502500.95000002
,,421154,3,2025,266804316.05
,,421189,1,2025,5580635.93
,,421189,2,2025,12064251.42
,,421189,3,2025,18107643.19
,,421197,1,2025,141395294.16
,,421197,2,2025,269332883.68
,,421197,3,2025,402213876.45
,,421341,1,2025,139829876.5
,,421341,2,2025,265659523.67
,,421341,3,2025,394048194.77
,,421359,1,2025,23868226.02
,,421359,2,2025,42955788.31
,,421359,3,2025,68878572.63
,,421367,1,2025,7744555.409999999
,,421367,2,2025,2661280.53
,,421367,3,2025,4392265.77
,,421421,1,2025,343798564.09
,,421421,2,2025,674659333.71
,,421421,3,2025,973821219.0500001
,,421561,1,2025,1196580.56
,,421561,2,2025,2161035.82
,,421561,3,2025,3070994.63
,,421618,1,2025,8177937.47
,,421618,2,2025,15471437.15
,,421618,3,2025,21587989.95
,,421634,1,2025,8036943.140000001
,,421634,2,2025,13737196.99
,,421634,3,2025,21275335.77
,,421642,1,2025,2028.5099999999998
,,421642,2,2025,279793.14
,,421642,3,2025,4734574.68
,,421707,1,2025,22509156.990000002
,,421707,2,2025,33819951.18
,,421715,1,2025,2144364238.25
,,421715,2,2025,3667910149.1
,,421715,3,2025,5477907353.71
,,421723,1,2025,2814707.1
,,421723,2,2025,5434993.95
,,421723,3,2025,9701941.6
,,421731,1,2025,58624735.800000004
,,421731,2,2025,153598086.55
,,421731,3,2025,342218942.27
,,421766,1,2025,66380670.7
,,421766,2,2025,171178590.31
,,421766,3,2025,298053649.94
,,421871,1,2025,15604288.49
,,421871,2,2025,32001842.82
,,421871,3,2025,44941433.36
,,421928,1,2025,568628982.18
,,421928,2,2025,1173583491.53
,,421928,3,2025,1939273792.45
,,421944,1,2025,84597850.23
,,421944,2,2025,124393823.15
,,421944,3,2025,203765977.02
,,422029,1,2025,380646148.77
,,422029,2,2025,784579618.66
,,422029,3,2025,1216963296.13
,,422053,1,2025,50603476.550000004
,,422053,2,2025,95747025.13000001
,,422053,3,2025,141154246.05
,,422070,1,2025,89248794.85
,,422070,2,2025,162953169.98
,,422070,3,2025,279487262.41
,,422088,1,2025,7836255.9
,,422088,2,2025,7753806.029999999
,,422088,3,2025,13458418.24
,,422126,1,2025,0.0
,,422126,3,2025,-12200.42
,,422134,1,2025,985330.31
,,422134,2,2025,-7429310.4399999995
,,422134,3,2025,-13311869.2
,,422151,1,2025,25312018.28
,,422151,2,2025,47549270.65
,,422151,3,2025,81816893.67999999
,,422304,1,2025,9581582.66
,,422304,2,2025,17279991.61
,,422304,3,2025,27355252.59
,,422321,1,2025,100824781.4
,,422321,2,2025,187343445.99
,,422321,3,2025,298286603.71
,,422339,1,2025,498241053.11
,,422339,2,2025,1014381909.42
,,422339,3,2025,1626708366.96
,,422355,1,2025,6681215.8100000005
,,422355,2,2025,10908739.75
,,422355,3,2025,14810290.48
,,422371,1,2025,42053462.26
,,422371,2,2025,92808623.17
,,422371,3,2025,154981769.97
,,422380,2,2025,28506600.32
,,422398,1,2025,145797949.07
,,422398,2,2025,256752519.96
,,422398,3,2025,366484489.52
,,422401,1,2025,0.0
,,422401,2,2025,0.0
,,422401,3,2025,0.0
,,422479,1,2025,158931.73
,,422479,2,2025,307121.26999999996
,,422479,3,2025,516574.93
,,422487,1,2025,4027783.75
,,422487,2,2025,28699190.169999998
,,422487,3,2025,43959899.92
,,422576,1,2025,0.0
,,422576,2,2025,0.0
,,422576,3,2025,0.0
,,422584,1,2025,30915694.35
,,422584,2,2025,70851175.96000001
,,422584,3,2025,121016454.91
,,422592,1,2025,0.0
,,422592,2,2025,24358.7
,,422592,3,2025,28773.71
,,422631,1,2025,1684771687.48
,,422631,2,2025,3174888969.88
,,422631,3,2025,4632971450.38
,,422681,1,2025,161322001.9
,,422681,2,2025,258287439.95
,,422681,3,2025,342451961.63
,,422720,2,2025,843481241.1
,,422720,3,2025,1205789304.23
,,422746,1,2025,3088530.16
,,422746,2,2025,9425454.03
,,422746,3,2025,15878034.18
,,422754,1,2025,-108657.37000000005
,,422754,2,2025,989359.6499999999
,,422754,3,2025,2620603.86
,,422762,1,2025,26088667.310000002
,,422762,2,2025,59044999.08
,,422762,3,2025,92677306.6
,,422771,1,2025,83224679.36999999
,,422771,2,2025,180199960.92
,,422771,3,2025,308222708.73
,,422827,1,2025,35811190.449999996
,,422827,2,2025,76340661.9
,,422827,3,2025,118107787.52000001
,,422835,1,2025,20715064.41
,,422835,2,2025,48319283.949999996
,,422835,3,2025,73045451.71
,,422941,1,2025,0.0
,,422941,2,2025,14200.0
,,422941,3,2025,14200.0
,,422959,1,2025,8232797.92
,,422959,2,2025,14498939.639999999
,,422959,3,2025,20879500.56
,,423017,1,2025,0.0
,,423017,2,2025,0.0
,,423017,3,2025,0.0
,,423173,1,2025,387384965.99
,,423173,2,2025,664546389.64
,,423173,3,2025,806965667.7
,,423181,1,2025,1204935.07
,,423181,2,2025,1577752.09
,,423181,3,2025,1611249.69
,,423203,1,2025,10446575.67
,,423203,2,2025,10653594.51
,,423203,3,2025,16134175.94
,,423262,1,2025,1552858.18
,,423262,2,2025,1626947.18
,,423262,3,2025,1331613.46
,,423319,1,2025,81182419.07
,,423319,2,2025,143591302.05
,,423319,3,2025,219950000.57999998
,,423335,1,2025,67324962.51
,,423335,2,2025,137750467.58
,,423335,3,2025,230430841.92
,,423351,1,2025,34852026.19
,,423351,2,2025,65718045.58
,,423351,3,2025,92175703.67
,,423408,1,2025,2755598.61
,,423408,3,2025,2059672.54
,,423432,1,2025,5273003.1899999995
,,423432,2,2025,10190457.55
,,423432,3,2025,11200717.45
,,423441,2,2025,21106801.81
,,423441,3,2025,40111771.48
,,423548,1,2025,15344002.17
,,423548,2,2025,49300099.15
,,423548,3,2025,57030019.17
,,423564,1,2025,1154327.8399999999
,,423564,2,2025,2997520.51
,,423564,3,2025,5464434.77
,,423572,2,2025,2124204.71
,,423572,3,2025,8723887.16
,,423629,1,2025,23187204.46
,,423629,2,2025,48962401.86
,,423629,3,2025,80950444.05
,,423645,1,2025,1277700.97
,,423645,2,2025,278168.04
,,423645,3,2025,2420129.69
,,423661,1,2025,123494573.98
,,423661,2,2025,228892477.98000002
,,423661,3,2025,393353526.32
,,423700,1,2025,24549.41
,,423700,2,2025,44789.51
,,423700,3,2025,792466.94
,,423718,1,2025,32778437.95
,,423718,2,2025,59288016.57
,,423718,3,2025,44340370.230000004
,,423742,1,2025,0.0
,,423815,1,2025,43761.08
,,423815,2,2025,250652.58
,,423815,3,2025,491255.37
,,423858,1,2025,0.0
,,423858,2,2025,0.0
,,423858,3,2025,0.0
,,423912,1,2025,645920.95
,,423912,2,2025,904017.35
,,423912,3,2025,1980048.75
,,424048,1,2025,3311045.43
,,424048,2,2025,13209196.44
,,424048,3,2025,25745162.06
,,424129,1,2025,0.0
,,424129,2,2025,0.0
,,424129,3,2025,0.0
,,424145,1,2025,0.0
,,424145,2,2025,0.0
,,424145,3,2025,0.0
,,424161,1,2025,0.0
,,424161,2,2025,0.0
,,424161,3,2025,0.0
,,424170,1,2025,1332425.93
,,424170,2,2025,4562953.1
,,424170,3,2025,11161251.56
,,424188,2,2025,7517613852.22
,,424188,3,2025,10532689586.2
,,424196,2,2025,1.0
,,424463,3,2025,222347.58
,,424501,3,2025,0.0
,,424528,3,2025,0.0
,,424544,2,2025,0.0
,,424544,3,2025,0.0
